Date,Mood,Word Count,Prompt,Entry
11/9/2025,happy,10,"What goal did I make progress on today?","Attended a workshop on machine learning and gained new insights."
11/9/2025,grateful,10,"What did I learn about myself today?","Volunteered at the local food bank and helped serve meals."
11/9/2025,excited,12,"What surprised me most about today?","Completed a challenging coding project that I've been working on for weeks."
11/9/2025,thoughtful,10,"What moment today will I remember in 10 years?","Had a deep conversation with a friend about life goals."
11/9/2025,calm,11,"What moment today will I remember in 10 years?","Tried meditation for the first time and found it surprisingly relaxing."
11/9/2025,calm,2,"What moment today will I remember in 10 years?","Not sure..."
11/9/2025,happy,12,"What goal did I make progress on today?","Started learning a new programming language today and it's challenging but exciting."
11/9/2025,excited,10,"How did I grow as a person today?","Went hiking with friends and enjoyed the beautiful mountain views."
11/9/2025,motivated,9,"What made me smile today?","Read an inspiring book about personal development and growth."
11/9/2025,proud,11,"How did I help someone else today?","Cooked a delicious dinner for my family and they loved it."
11/9/2025,satisfied,11,"What challenge did I overcome today?","Finished organizing my workspace and it feels much more productive now."
11/9/2025,joyful,15,"What am I most grateful for right now?","Had a great phone call with an old friend I hadn't spoken to in months."
11/9/2025,confident,13,"What would I tell my younger self about today?","Learned a new skill at work that will help me in future projects."
11/9/2025,contented,13,"What goal did I make progress on today?","Spent quality time with my pet and realized how much joy they bring."
11/9/2025,thoughtful,10,"What goal did I make progress on today?","Watched a documentary that changed my perspective on environmental issues."
11/9/2025,peaceful,11,"How did I grow as a person today?","Practiced gratitude by writing down three things I'm thankful for today."
11/9/2025,happy,2,"What made me smile today?","My kids!"
11/9/2025,stressed,1,"What challenge did I overcome today?","Programming"
